Initial Capital,Final Capital,Final Portfolio Value,Total Final Value
10000,51.2108154296875,10757.410209655762,10808.62102508545
